<?xml version="1.0" encoding="UTF-8"?>
<beans xmlns="http://www.springframework.org/schema/beans"
	xmlns:xsi="http://www.w3.org/2001/XMLSchema-instance" xmlns:aop="http://www.springframework.org/schema/aop"
	xmlns:context="http://www.springframework.org/schema/context" xmlns:tx="http://www.springframework.org/schema/tx"
	xsi:schemaLocation="
		http://www.springframework.org/schema/aop 
		http://www.springframework.org/schema/aop/spring-aop-4.0.xsd
		http://www.springframework.org/schema/beans 
		http://www.springframework.org/schema/beans/spring-beans-4.0.xsd
		http://www.springframework.org/schema/tx 
		http://www.springframework.org/schema/tx/spring-tx-4.0.xsd
		http://www.springframework.org/schema/context 
		http://www.springframework.org/schema/context/spring-context-4.0.xsd">

	<!-- Activates annotation-based bean configuration -->
	<context:annotation-config />
	
	<!-- Scans for application @Components to deploy -->
	<context:component-scan base-package="com.db.scv" />
    
<!-- <context:property-placeholder location="classpath:/db.properties" /> -->

	<bean id="dataSource" class="org.apache.commons.dbcp.BasicDataSource" destroy-method="close">
		<property name="driverClassName" value="oracle.jdbc.driver.OracleDriver" />
		<property name="url" value="jdbc:oracle:thin:@FRLIQ4U.DE.DB.COM:1725/FRLIQ4U.DE.DB.COM" />
		<property name="username" value="LPCP_UAT2_OWNER" />
		<property name="password" value="Temp#1234" />
	</bean>

	<bean id="sqlSessionFactoryCPE" class="org.mybatis.spring.SqlSessionFactoryBean">
		<property name="dataSource" ref="dataSource" />
	</bean>

	<bean id="cpeMappers" class="org.mybatis.spring.mapper.MapperScannerConfigurer">
        <property name="basePackage" value="com.db.scv.mapper.cpe" />
         <property name="sqlSessionFactoryBeanName" value="sqlSessionFactoryCPE" />
     </bean>
  
</beans>
